{"firstname": "Maylys", "lastname": "Sanmiguel", "phonenumber": "202-555-0101", "phonetype": "work"},
{"firstname": "Janette", "lastname": "Shield", "phonenumber": "202-555-0102", "phonetype": "work"},
{"firstname": "Cecil", "lastname": "Walker", "phonenumber": "202-555-0103", "phonetype": "personal"},
{"firstname": "Nadia", "lastname": "Biggers", "phonenumber": "202-555-0104", "phonetype": "work"},
{"firstname": "Nobuko", "lastname": "Eveland", "phonenumber": "202-555-0105", "phonetype": "work"},
{"firstname": "Layne", "lastname": "Paneto", "phonenumber": "202-555-0106", "phonetype": "work"},
{"firstname": "Franklin", "lastname": "Ramer", "phonenumber": "202-555-0107", "phonetype": "work"},
{"firstname": "Layne", "lastname": "Paneto", "phonenumber": "202-555-0108", "phonetype": "personal"},
{"firstname": "Phil", "lastname": "Ahner", "phonenumber": "202-555-0109", "phonetype": "personal"},
{"firstname": "Eugenia", "lastname": "Goss", "phonenumber": "202-555-0110", "phonetype": "work"},
{"firstname": "Kaylyn", "lastname": "Lesage", "phonenumber": "202-555-0111", "phonetype": "work"},
{"firstname": "Zita", "lastname": "Meinecke", "phonenumber": "202-555-0112", "phonetype": "work"},
{"firstname": "Francisco", "lastname": "Rooks", "phonenumber": "202-555-0113", "phonetype": "personal"},
{"firstname": "Shenika", "lastname": "Lauritzen", "phonenumber": "202-555-0114", "phonetype": "work"},
{"firstname": "Jonathan", "lastname": "Schwarz", "phonenumber": "202-555-0115", "phonetype": "personal"},
{"firstname": "Marissa", "lastname": "Sandavol", "phonenumber": "202-555-0116", "phonetype": "work"},
{"firstname": "Vaughn", "lastname": "Ibanez", "phonenumber": "202-555-0117", "phonetype": "work"},
{"firstname": "Sherryl", "lastname": "Janson", "phonenumber": "202-555-018", "phonetype": "work"},
{"firstname": "Jacquline", "lastname": "Mayne", "phonenumber": "202-555-0119", "phonetype": "work"},
{"firstname": "Alfredo", "lastname": "Dieguez", "phonenumber": "202-555-0120", "phonetype": "personal"},
{"firstname": "Gennie", "lastname": "Wrinkle", "phonenumber": "202-555-0121", "phonetype": "work"},
{"firstname": "Rosie", "lastname": "Applebaum", "phonenumber": "202-555-0122", "phonetype": "work"},
{"firstname": "Lilly", "lastname": "Pingree", "phonenumber": "202-555-0123", "phonetype": "personal"},
{"firstname": "Travis", "lastname": "Gulotta", "phonenumber": "202-555-0124", "phonetype": "work"},
{"firstname": "Elbert", "lastname": "Watters", "phonenumber": "202-555-0125", "phonetype": "work"},
{"firstname": "Boyd", "lastname": "Maultsby", "phonenumber": "202-555-0126", "phonetype": "work"},
{"firstname": "Emory", "lastname": "Siple", "phonenumber": "202-555-0127", "phonetype": "work"},